name,url
VAPE IT STORE II,https://jportal.mdcourts.gov/license/pbLicenseDetail.jsp?owi=nq8kbzgVmJQ%3D
VAPE IT STORE I,https://jportal.mdcourts.gov/license/pbLicenseDetail.jsp?owi=oHQ4b%2BVaJfM%3D
VAPEPAD THE,https://jportal.mdcourts.gov/license/pbLicenseDetail.jsp?owi=bo6l0ivOZO8%3D
VAPE FROG,NaN
VAPE FROG,NaN
VAPE LOFT THE,https://jportal.mdcourts.gov/license/pbLicenseDetail.jsp?owi=e9yWX%2BhbzoQ%3D
VAPE N CIGAR,https://jportal.mdcourts.gov/license/pbLicenseDetail.jsp?owi=lLizannKxFo%3D
VAPE DOJO,https://jportal.mdcourts.gov/license/pbLicenseDetail.jsp?owi=lvZNkK6m4RQ%3D
VAPE HAVEN,NaN
VAPORS LOUNGE,NaN
VAPORFI SOUTHSIDE,https://jportal.mdcourts.gov/license/pbLicenseDetail.jsp?owi=D6oDAUUx%2BiE%3D
VAPE DO JO,https://jportal.mdcourts.gov/license/pbLicenseDetail.jsp?owi=1qbWOQOukyQ%3D
VAPERTETMD,NaN
VAPERTEKMD,https://jportal.mdcourts.gov/license/pbLicenseDetail.jsp?owi=pNdrAzOrAlI%3D
VAPORIOT,NaN
VAPE PLUS,https://jportal.mdcourts.gov/license/pbLicenseDetail.jsp?owi=1xydkvzYwz8%3D
VAPE SOCIAL,https://jportal.mdcourts.gov/license/pbLicenseDetail.jsp?owi=imNAnpRhZf4%3D
VAPE JUNGLE,https://jportal.mdcourts.gov/license/pbLicenseDetail.jsp?owi=Jj12mnMxivU%3D
VAPE TIME,NaN
VAPEBAR EXPESS,NaN
VAPEWERKS,https://jportal.mdcourts.gov/license/pbLicenseDetail.jsp?owi=sBGGe%2BcDPZc%3D
VAPIST MD,https://jportal.mdcourts.gov/license/pbLicenseDetail.jsp?owi=uUHqKwopebY%3D
VAPOR 99,NaN
VAPOR ALLEY,https://jportal.mdcourts.gov/license/pbLicenseDetail.jsp?owi=aG2PkJ8rH2k%3D
VAPOR EMPORIUM,https://jportal.mdcourts.gov/license/pbLicenseDetail.jsp?owi=byUJKKncuAM%3D
VAPOR VILLA,https://jportal.mdcourts.gov/license/pbLicenseDetail.jsp?owi=GcC%2FKZdZKmo%3D
VAPOR VILLA,https://jportal.mdcourts.gov/license/pbLicenseDetail.jsp?owi=jskGK5iO%2FjA%3D
VAPORS LOUNGE,https://jportal.mdcourts.gov/license/pbLicenseDetail.jsp?owi=l8YBK6itqU4%3D
VAPE DOJO,https://jportal.mdcourts.gov/license/pbLicenseDetail.jsp?owi=gNVENj06nd8%3D
VAPE DOJO,https://jportal.mdcourts.gov/license/pbLicenseDetail.jsp?owi=fMtCXrQJwfM%3D
VAPE DOJO,https://jportal.mdcourts.gov/license/pbLicenseDetail.jsp?owi=RQyaisT9O%2Bs%3D
VAPE DOJO,https://jportal.mdcourts.gov/license/pbLicenseDetail.jsp?owi=Y18df0yRsiY%3D
VAPEZ YARDHOUSE,NaN
VAPERS RING,https://jportal.mdcourts.gov/license/pbLicenseDetail.jsp?owi=9KYBdAKnSTE%3D
